modelo,accuracy,f1_macro,segundos
MLP Adam,0.53125,0.3959401709401709,
MLP SGD momentum,0.53125,0.3943785682916117,
LSTM,0.484375,0.33978654753040455,6.320317983627319
GRU,0.46875,0.3299145299145299,5.927795648574829
