modelo,accuracy,f1_macro,segundos
MLP SGD momentum,0.53125,0.3959401709401709,
MLP Adam,0.5,0.3722329679776488,
GRU,0.484375,0.330761316872428,9.89876103401184
LSTM,0.484375,0.31994645247657294,7.540252208709717
